,City,Cloudiness,Country,Date,Humidity,Lat,Lon,Max_Temp,Wind_Speed
0,Saint Paul Harbor,90,US,1594674936,76,57.79,57.79,14.0,5.7
1,Airai,24,TL,1594674648,86,-8.93,-8.93,12.38,1.92
2,Santa Barbara,1,US,1594674772,60,34.42,34.42,30.0,3.6
3,Pisco,90,PE,1594674936,87,-13.7,-13.7,16.67,3.1
4,Mataura,94,NZ,1594674702,83,-46.19,-46.19,3.89,1.34
5,Albany,15,US,1594674682,41,42.6,42.6,31.11,4.52
6,Port Elizabeth,0,ZA,1594674937,54,-33.92,-33.92,13.0,6.2
7,Dongying,100,CN,1594674937,82,37.46,37.46,21.03,1.52
8,Upernavik,61,GL,1594674915,85,72.79,72.79,5.32,4.06
9,Mae Sai,75,TH,1594674938,100,20.43,20.43,24.0,2.1
10,Norman Wells,40,CA,1594674803,52,65.28,65.28,20.0,1.5
11,Bengkulu,93,ID,1594674581,88,-3.8,-3.8,23.94,1.83
12,New Norfolk,4,AU,1594674794,91,-42.78,-42.78,5.0,0.91
13,Vila Velha,0,BR,1594674900,78,-20.33,-20.33,25.0,4.6
14,Isabela,100,PH,1594674939,83,6.71,6.71,25.67,2.72
15,Muros,12,ES,1594674939,75,42.78,42.78,18.89,4.47
16,Atuona,24,PF,1594674795,77,-9.8,-9.8,26.41,8.65
17,Kokstad,0,ZA,1594674940,53,-30.55,-30.55,5.7,0.21
18,Karratha,7,AU,1594674918,40,-20.74,-20.74,17.95,3.62
19,Ust'-Kut,5,RU,1594674940,83,56.79,56.79,16.09,0.44
20,Nikolskoye,20,RU,1594674557,76,59.7,59.7,13.0,2.0
21,Ossora,97,RU,1594674941,85,59.24,59.24,13.82,2.21
22,Yellowknife,90,CA,1594674773,93,62.46,62.46,16.0,8.7
23,Saskylakh,94,RU,1594674773,60,71.92,71.92,16.22,4.02
24,Butaritari,72,KI,1594674644,75,3.07,3.07,27.75,1.41
25,Mount Isa,17,AU,1594674942,49,-20.73,-20.73,9.0,3.6
26,Kapaa,20,US,1594674561,69,22.08,22.08,28.0,7.7
27,Bilibino,46,RU,1594674942,61,68.05,68.05,16.0,1.53
28,Ushuaia,40,AR,1594674617,80,-54.8,-54.8,1.0,9.8
29,High Level,90,CA,1594674943,72,58.52,58.52,16.0,5.1
30,Kaitangata,66,NZ,1594674802,82,-46.28,-46.28,6.11,2.24
31,Hilo,20,US,1594674634,61,19.73,19.73,28.0,3.1
32,Burnie,0,AU,1594674943,80,-41.07,-41.07,5.56,1.79
33,Vardø,4,NO,1594674811,81,70.37,70.37,8.0,2.1
34,Beli Potok,2,RS,1594674944,55,44.71,44.71,17.0,1.5
35,Ketchikan,90,US,1594674944,77,55.34,55.34,15.0,5.1
36,Kutum,74,SD,1594674944,26,14.2,14.2,30.16,1.12
37,Sioux Lookout,90,CA,1594674505,44,50.1,50.1,26.0,6.2
38,Acapulco de Juárez,5,MX,1594674463,66,16.86,16.86,31.0,3.6
39,Barrow,90,US,1594674772,78,71.29,71.29,3.0,5.7
40,Palmer,40,US,1594674946,51,42.16,42.16,30.0,2.1
41,Sola,75,VU,1594674946,83,-13.88,-13.88,27.0,3.1
42,East London,0,ZA,1594674561,41,-33.02,-33.02,16.06,11.04
43,Punta Arenas,100,CL,1594674947,84,-53.15,-53.15,2.0,2.6
44,Grindavik,75,IS,1594674947,81,63.84,63.84,10.0,2.1
45,Mount Gambier,0,AU,1594674516,100,-37.83,-37.83,4.0,2.06
46,Thompson,75,CA,1594674789,93,55.74,55.74,18.0,3.1
47,Busselton,82,AU,1594674567,72,-33.65,-33.65,12.22,8.26
48,Cherskiy,6,RU,1594674814,61,68.75,68.75,15.92,0.98
49,Qrendi,20,MT,1594674949,88,35.83,35.83,25.0,2.1
50,Aasiaat,90,GL,1594674949,92,68.71,68.71,4.09,4.36
51,Ulsteinvik,100,NO,1594674949,82,62.34,62.34,13.0,5.1
52,Celestún,12,MX,1594674949,65,20.87,20.87,30.09,5.62
53,Zhangye,64,CN,1594674950,47,38.93,38.93,21.71,0.99
54,Ostrovnoy,63,RU,1594674950,87,68.05,68.05,6.39,1.38
55,Constitución,18,CL,1594674579,73,-35.33,-35.33,14.87,3.56
56,Turaif,0,SA,1594674699,37,31.67,31.67,28.0,6.2
57,Hermanus,99,ZA,1594674646,77,-34.42,-34.42,9.44,2.24
58,Tuatapere,51,NZ,1594674951,83,-46.13,-46.13,3.89,1.34
59,Iqaluit,20,CA,1594674782,34,63.75,63.75,19.0,7.7
60,Lebu,0,CL,1594674805,71,-37.62,-37.62,10.55,1.85
61,Esperance,0,AU,1594674571,37,-33.87,-33.87,11.0,8.7
62,Northam,100,GB,1594674952,99,51.03,51.03,15.56,2.24
63,Arraial do Cabo,0,BR,1594674561,65,-22.97,-22.97,28.0,3.1
64,Mar del Plata,40,AR,1594674777,56,-38.0,-38.0,7.0,6.7
65,Zheleznodorozhnyy,40,RU,1594674765,100,55.75,55.75,18.33,2.0
66,Tromsø,99,NO,1594674953,76,69.65,69.65,12.0,4.6
67,Oranjemund,26,NA,1594674953,76,-28.55,-28.55,12.47,2.24
68,Qaanaaq,0,GL,1594674566,62,77.48,77.48,7.67,4.06
69,Rikitea,47,PF,1594674476,85,-23.12,-23.12,22.71,6.02
70,Derzhavīnsk,0,KZ,1594674879,54,51.1,51.1,20.14,3.11
71,Jamestown,75,US,1594674672,56,42.1,42.1,22.78,5.7
72,Harper,100,LR,1594674956,82,4.38,4.38,24.47,5.4
73,Marzuq,90,YE,1594674956,47,14.4,14.4,28.89,4.29
74,Forsytheganj,9,BY,1594674883,94,52.63,52.63,11.21,3.59
75,Warmbad,13,NA,1594674956,67,-28.45,-28.45,7.56,5.42
76,Kirakira,100,SB,1594674957,80,-10.45,-10.45,27.05,4.94
77,Bluff,89,NZ,1594674561,83,-46.6,-46.6,3.89,1.34
78,Itaqui,0,BR,1594674957,73,-29.13,-29.13,11.19,3.61
79,Hithadhoo,67,MV,1594674645,76,-0.6,-0.6,29.05,4.34
80,Piaçabuçu,0,BR,1594674957,83,-10.41,-10.41,23.92,2.39
81,Dzhebariki-Khaya,100,RU,1594674958,93,62.22,62.22,19.96,1.37
82,Mahébourg,20,MU,1594674801,88,-20.41,-20.41,21.0,3.6
83,São João da Barra,1,BR,1594674958,61,-21.64,-21.64,26.0,4.61
84,Bambous Virieux,20,MU,1594674804,88,-20.34,-20.34,21.67,3.6
85,Antofagasta,0,CL,1594674914,67,-23.65,-23.65,15.0,4.1
86,Vila Franca do Campo,20,PT,1594674830,73,37.72,37.72,21.0,5.1
87,Pevek,86,RU,1594674959,69,69.7,69.7,6.33,1.27
88,Ahipara,78,NZ,1594674589,86,-35.17,-35.17,13.47,2.09
89,San Nicolas,100,PH,1594674959,90,18.17,18.17,24.47,2.88
90,Diapaga,1,BF,1594674960,73,12.07,12.07,27.18,4.39
91,Port Hardy,75,CA,1594674960,77,50.7,50.7,16.0,3.1
92,Torbay,20,CA,1594674799,69,47.67,47.67,26.0,6.2
93,Port Alfred,0,ZA,1594674560,44,-33.59,-33.59,14.12,12.01
94,Olinda,75,BR,1594674960,88,-8.01,-8.01,24.0,2.1
95,Pirdop,11,BG,1594674961,67,42.7,42.7,20.0,1.5
96,Kavieng,100,PG,1594674774,75,-2.57,-2.57,27.78,4.47
97,Hofn,91,IS,1594674961,81,64.25,64.25,10.53,1.82
98,Pangnirtung,75,CA,1594674961,76,66.15,66.15,11.0,4.6
99,Puerto Suárez,20,BO,1594674961,49,-18.95,-18.95,32.0,3.1
100,Hobart,75,AU,1594674645,87,-42.88,-42.88,6.0,2.1
101,Souillac,40,MU,1594674665,88,-20.52,-20.52,21.0,5.1
102,Castro,2,BR,1594674604,82,-24.79,-24.79,17.39,2.29
103,Itarema,58,BR,1594674557,71,-2.92,-2.92,25.52,6.35
104,Nanortalik,100,GL,1594674676,91,60.14,60.14,7.15,0.29
105,George Town,20,MY,1594674963,100,5.41,5.41,26.0,2.39
106,Bella Vista,90,US,1594674963,69,36.43,36.43,26.0,5.1
107,Kidodi,0,TZ,1594674963,63,-7.6,-7.6,19.88,1.53
108,Biloela,0,AU,1594674963,72,-24.42,-24.42,5.99,2.02
109,Kavaratti,100,IN,1594674964,76,10.57,10.57,28.2,4.76
110,Khatanga,1,RU,1594674776,61,71.97,71.97,16.27,4.87
111,Yar-Sale,98,RU,1594674738,68,66.83,66.83,10.75,5.87
112,Carnarvon,75,AU,1594674964,93,-24.87,-24.87,16.0,2.1
113,Saint George,1,US,1594674673,12,37.1,37.1,42.22,8.2
114,Anadyr,20,RU,1594674965,76,64.75,64.75,12.0,6.0
115,Akropong,75,GH,1594674965,94,5.97,5.97,25.0,6.2
116,Rocha,0,UY,1594674965,68,-34.48,-34.48,4.59,4.86
117,Iquique,2,CL,1594674966,67,-20.22,-20.22,16.0,7.2
118,Sisimiut,59,GL,1594674629,80,66.94,66.94,7.44,7.25
119,São Filipe,60,CV,1594674966,83,14.9,14.9,25.81,2.38
120,Kathu,75,TH,1594674966,100,7.92,7.92,27.78,1.52
121,La Rioja,26,ES,1594674966,45,42.25,42.25,20.0,2.1
122,Avarua,93,CK,1594674544,64,-21.21,-21.21,22.0,4.1
123,Ilulissat,99,GL,1594674559,75,69.22,69.22,7.0,3.1
124,Bethel,1,US,1594674543,48,41.37,41.37,30.56,3.6
125,Dryden,40,CA,1594674799,50,49.78,49.78,25.0,5.1
126,Asbury Park,1,US,1594674731,43,40.22,40.22,31.0,5.1
127,Exeter,75,GB,1594674968,93,50.72,50.72,16.67,1.5
128,Tiksi,99,RU,1594674572,93,71.69,71.69,8.84,6.53
129,Berlevåg,75,NO,1594674596,87,70.86,70.86,7.0,3.6
130,Noblesville,0,US,1594674901,55,40.05,40.05,26.67,0.45
131,Aras,1,ES,1594674968,45,42.56,42.56,20.0,2.1
132,Bubaque,100,GW,1594674969,84,11.28,11.28,26.8,6.84
133,San Patricio,20,MX,1594674814,66,19.22,19.22,33.0,5.1
134,Itoman,20,JP,1594674969,89,26.12,26.12,29.0,3.6
135,Tuktoyaktuk,40,CA,1594674804,55,69.45,69.45,17.0,2.6
136,Avera,40,US,1594674969,46,33.19,33.19,34.0,5.7
137,Provideniya,92,RU,1594674807,71,64.38,64.38,10.0,2.0
138,Honiara,75,SB,1594674970,94,-9.43,-9.43,24.0,2.1
139,Enid,1,US,1594674970,52,36.4,36.4,34.0,7.2
140,Alassio,40,IT,1594674970,57,44.0,44.0,25.0,3.1
141,Mehtar Lām,75,AF,1594674971,29,34.67,34.67,32.0,3.1
142,Patitiri,1,GR,1594674971,74,39.15,39.15,20.56,0.45
143,Puerto Limón,99,CR,1594674971,74,10.0,10.0,28.0,1.0
144,Severo-Kuril'sk,100,RU,1594674580,87,50.68,50.68,9.55,2.48
145,Opuwo,0,NA,1594674972,36,-18.06,-18.06,12.98,2.96
146,Bredasdorp,86,ZA,1594674565,81,-34.53,-34.53,9.0,7.7
147,Chui,1,UY,1594674680,62,-33.7,-33.7,6.39,5.09
148,Caiapônia,49,BR,1594674972,47,-16.96,-16.96,25.23,1.87
149,Ibadan,96,NG,1594674973,94,7.39,7.39,22.17,2.52
150,Dodge City,1,US,1594674676,52,37.75,37.75,33.0,7.7
151,Fortuna,40,US,1594674973,72,40.6,40.6,18.33,7.2
152,Ponta do Sol,20,PT,1594674777,64,32.67,32.67,22.0,5.1
153,Praia,75,CV,1594674819,78,14.92,14.92,27.0,3.1
154,Abu Samrah,0,SY,1594674974,66,35.3,35.3,23.02,4.06
155,Isangel,40,VU,1594674974,94,-19.55,-19.55,21.0,1.0
156,Guerrero Negro,2,MX,1594674909,34,27.98,27.98,29.74,8.41
157,Santa Catarina de Tepehuanes,16,MX,1594674975,18,25.35,25.35,31.12,4.84
158,Birao,96,CF,1594674975,90,10.28,10.28,23.05,2.81
159,Nelson Bay,90,AU,1594674975,100,-32.72,-32.72,9.44,9.8
160,Pio IX,72,BR,1594674976,45,-6.84,-6.84,25.41,4.13
161,Dikson,100,RU,1594674786,98,73.51,73.51,4.07,6.26
162,Cao Bang,14,VN,1594674976,90,22.67,22.67,23.78,0.46
163,Cape Town,75,ZA,1594674771,62,-33.93,-33.93,12.22,3.1
164,Kabansk,0,RU,1594674976,93,52.05,52.05,16.0,1.0
165,Caravelas,0,BR,1594674977,86,-17.71,-17.71,22.6,2.1
166,Jalu,0,LY,1594674771,58,29.03,29.03,25.98,6.67
167,Piranhas,40,BR,1594674977,41,-16.43,-16.43,27.83,0.93
168,Dawei,100,MM,1594674977,90,14.08,14.08,24.82,0.84
169,Brazzaville,100,CG,1594674978,83,-4.27,-4.27,24.0,1.0
170,Petropavlovsk-Kamchatskiy,90,RU,1594674930,100,53.05,53.05,11.0,2.0
171,Bathsheba,40,BB,1594674781,70,13.22,13.22,29.0,7.7
172,Antalaha,56,MG,1594674978,86,-14.9,-14.9,19.44,2.8
173,Aitape,100,PG,1594674978,83,-3.14,-3.14,24.58,2.05
174,Malé,75,MV,1594674688,94,4.17,4.17,29.0,5.1
175,Henties Bay,0,NA,1594674612,89,-22.12,-22.12,12.78,0.45
176,Longyearbyen,75,SJ,1594674589,76,78.22,78.22,9.0,2.1
177,Cap-aux-Meules,75,CA,1594674979,65,47.38,47.38,25.0,6.2
178,Bandarbeyla,54,SO,1594674964,77,9.49,9.49,25.81,13.81
179,Akhmīm,0,EG,1594674980,21,26.56,26.56,32.0,5.1
180,Narsaq,100,GL,1594674786,71,60.92,60.92,14.0,2.1
181,Tomatlán,0,MX,1594674981,56,19.93,19.93,32.4,4.45
182,Dalbandin,0,PK,1594674817,18,28.89,28.89,29.32,1.99
183,Puerto Ayora,56,EC,1594674806,89,-0.74,-0.74,21.11,1.34
184,Giaveno,81,IT,1594674982,78,45.05,45.05,21.11,0.89
185,Havøysund,20,NO,1594674982,87,71.0,71.0,10.0,4.1
186,Geraldton,90,AU,1594674983,82,-28.77,-28.77,18.0,8.7
187,Malaya Purga,36,RU,1594674983,80,56.56,56.56,21.11,2.95
188,Alyangula,32,AU,1594674983,63,-13.85,-13.85,19.0,2.1
189,Sur,0,OM,1594674703,71,22.57,22.57,28.63,6.62
190,Yangi Marg`ilon,90,UZ,1594674599,32,40.43,40.43,27.0,3.1
191,Lavrentiya,88,RU,1594674805,76,65.58,65.58,7.74,2.89
192,Belaya Gora,100,RU,1594674919,54,68.53,68.53,19.29,7.44
193,Darhan,3,MN,1594674984,79,49.49,49.49,16.54,0.6
194,Comodoro Rivadavia,20,AR,1594674901,48,-45.87,-45.87,5.0,5.1
195,Chaykovskiy,30,RU,1594674984,80,56.77,56.77,21.11,1.84
196,Izhma,4,RU,1594674985,68,65.01,65.01,11.2,1.61
197,Turbat,45,PK,1594674985,81,26.0,26.0,27.16,3.37
198,Rāmshīr,0,IR,1594674985,18,30.89,30.89,36.0,4.1
199,Beringovskiy,100,RU,1594674986,91,63.05,63.05,9.6,1.41
200,Saint-Philippe,43,RE,1594674796,72,-21.36,-21.36,20.0,2.6
201,Pemangkat,89,ID,1594674986,88,1.17,1.17,24.98,2.17
202,Ol'ga,0,RU,1594674987,88,43.74,43.74,15.1,1.57
203,Kuvandyk,100,RU,1594674987,71,51.48,51.48,20.11,2.01
204,Tommot,100,RU,1594674987,89,58.96,58.96,20.88,0.8
205,Mporokoso,0,ZM,1594674987,55,-9.37,-9.37,16.08,3.34
206,Port-Cartier,75,CA,1594674988,63,50.03,50.03,19.0,5.7
207,Ribeira Grande,40,PT,1594674612,73,38.52,38.52,22.0,7.2
208,Tasiilaq,95,GL,1594674572,81,65.61,65.61,6.0,4.6
209,Assaré,91,BR,1594674989,44,-6.87,-6.87,25.31,2.48
210,Soritor,99,PE,1594674989,78,-6.14,-6.14,24.08,0.88
211,Tamana,98,JP,1594674989,94,32.92,32.92,25.56,4.92
212,Margate,100,GB,1594674819,59,51.38,51.38,18.89,2.52
213,Alta Floresta,70,BR,1594674990,38,-9.88,-9.88,30.52,1.86
214,Manokwari,100,ID,1594674990,72,-0.87,-0.87,26.24,2.11
215,Waipawa,0,NZ,1594674788,100,-41.41,-41.41,4.44,2.1
216,Sun Valley,1,US,1594674990,8,39.6,39.6,33.33,7.2
217,Kaeo,95,NZ,1594674991,3,-35.1,-35.1,10.56,1.23
218,Waingapu,27,ID,1594674991,86,-9.66,-9.66,24.24,5.96
219,Banda Aceh,100,ID,1594674991,82,5.56,5.56,26.13,2.0
220,Aripuanã,58,BR,1594674992,46,-9.17,-9.17,31.9,0.78
221,Polson,0,US,1594674992,43,47.69,47.69,23.33,5.26
222,Sungai Penuh,100,ID,1594674992,94,-2.08,-2.08,18.18,1.02
223,Hermagor,98,AT,1594674993,84,46.63,46.63,10.56,0.67
224,Andenes,75,NO,1594674827,93,69.31,69.31,10.0,7.7
225,Kieta,100,PG,1594674501,75,-6.22,-6.22,26.78,0.24
226,Broken Hill,0,AU,1594674993,93,-31.95,-31.95,3.0,1.0
227,Deloraine,90,AU,1594674994,93,-41.53,-41.53,5.0,3.1
228,Tursunzoda,0,TJ,1594674994,49,38.51,38.51,23.0,1.0
229,Chokurdakh,14,RU,1594674773,49,70.63,70.63,16.78,6.25
230,Tucuruí,95,BR,1594674994,69,-3.77,-3.77,27.9,1.44
231,Vaini,20,TO,1594674648,69,-21.2,-21.2,23.0,5.7
232,Cabo San Lucas,20,MX,1594674602,58,22.89,22.89,32.78,6.7
233,Kindu,100,CD,1594674995,90,-2.95,-2.95,22.03,1.09
234,Hauterive,17,FR,1594674995,37,46.09,46.09,21.0,1.5
235,Carauari,65,BR,1594674996,78,-4.88,-4.88,28.47,1.08
236,Braço do Norte,80,BR,1594674996,85,-28.27,-28.27,11.86,1.59
237,North Bend,1,US,1594674753,63,43.41,43.41,24.44,10.3
238,Porterville,1,US,1594674997,15,36.07,36.07,38.0,2.6
239,Raudeberg,75,NO,1594674997,87,61.99,61.99,13.0,3.1
240,Chifeng,89,CN,1594674997,73,42.27,42.27,19.87,1.58
241,Golden,75,US,1594674979,16,39.76,39.76,34.0,5.7
242,Barreirinha,38,BR,1594674998,59,-2.79,-2.79,30.95,0.63
243,Half Moon Bay,75,US,1594674783,87,37.46,37.46,24.44,2.1
244,Bani Walid,0,LY,1594674998,69,31.76,31.76,22.36,3.67
245,Naze,91,JP,1594674989,88,28.37,28.37,28.0,3.1
246,Los Llanos de Aridane,90,ES,1594674919,78,28.66,28.66,22.0,7.7
247,Klaksvík,99,FO,1594674999,100,62.23,62.23,11.0,3.1
248,Mossamedes,0,AO,1594674706,82,-15.2,-15.2,17.45,0.14
249,Kumul,0,CN,1594674999,37,42.8,42.8,22.57,3.79
250,Lampazos de Naranjo,4,MX,1594675000,14,27.02,27.02,41.5,7.73
251,Kaoma,0,ZM,1594675000,38,-14.78,-14.78,13.9,2.21
252,Plettenberg Bay,41,ZA,1594675000,56,-34.05,-34.05,11.55,8.74
253,Junín,0,AR,1594675000,53,-34.58,-34.58,5.56,1.79
254,Talara,12,PE,1594675001,80,-4.58,-4.58,19.11,8.17
255,Ji’an,99,CN,1594675001,88,27.12,27.12,26.11,1.18
256,Sandwick,91,GB,1594675001,93,60.0,60.0,12.0,4.6
257,Batemans Bay,85,AU,1594675001,76,-35.72,-35.72,12.78,3.13
258,Rāzole,100,IN,1594674967,81,16.48,16.48,28.01,3.05
259,Chulym,0,RU,1594675002,92,55.1,55.1,13.85,1.81
260,San Ramon,1,US,1594675004,37,37.78,37.78,29.0,6.2
261,Mercedes,0,AR,1594674847,39,-34.65,-34.65,8.89,0.89
262,Kahului,40,US,1594674952,43,20.89,20.89,31.0,8.2
263,Luganville,75,VU,1594675004,94,-15.53,-15.53,24.0,4.66
264,Cascais,0,PT,1594674899,57,38.7,38.7,25.56,10.3
265,Alofi,100,NU,1594675005,60,-19.06,-19.06,24.0,9.3
266,Ucluelet,20,CA,1594674996,68,48.93,48.93,18.0,4.6
267,Neuruppin,24,DE,1594675005,59,52.93,52.93,18.0,1.5
268,Mahon,0,ES,1594674995,78,39.89,39.89,23.0,4.6
269,At-Bashi,99,KG,1594674849,64,41.17,41.17,11.7,0.56
270,Zhaoyang,99,CN,1594675006,89,42.68,42.68,15.0,1.88
271,Faanui,100,PF,1594674586,81,-16.48,-16.48,26.13,7.23
272,Paragominas,43,BR,1594674814,70,-2.97,-2.97,27.55,1.29
273,Dunedin,48,NZ,1594674610,74,-45.87,-45.87,7.22,0.45
274,Lake Cowichan,20,CA,1594674968,52,48.83,48.83,21.67,3.6
275,Japura,100,ID,1594675007,98,-0.32,-0.32,21.95,1.47
276,Shingū,100,JP,1594675007,94,33.73,33.73,22.66,1.45
277,Cockburn Town,0,TC,1594675007,82,21.46,21.46,28.76,6.71
278,Ancud,75,CL,1594674960,80,-41.87,-41.87,5.0,1.0
279,Saint Stephen,90,GB,1594675009,100,50.33,50.33,16.67,6.2
280,Kiryat Gat,0,IL,1594674784,69,31.61,31.61,25.56,0.63
281,Maicao,0,CO,1594675009,56,11.38,11.38,31.65,6.52
282,Haines Junction,100,CA,1594675010,42,60.75,60.75,16.59,3.56
283,Nsanje,0,MW,1594675010,76,-16.92,-16.92,16.22,1.04
284,Novaya Bryan’,0,RU,1594675010,93,51.72,51.72,16.0,1.0
285,Te Anau,33,NZ,1594674793,93,-45.42,-45.42,0.79,0.46
286,Port Augusta,90,AU,1594674949,100,-32.5,-32.5,9.0,1.5
287,Fairbanks,90,US,1594674902,82,64.84,64.84,16.0,3.1
288,Teya,33,RU,1594675011,69,60.38,60.38,15.0,1.28
289,Greenwood,1,US,1594675011,55,34.17,34.17,33.33,2.6
290,Altea,0,ES,1594675012,80,38.6,38.6,25.0,1.34
291,Marawi,79,PH,1594674792,95,8.0,8.0,23.33,1.79
292,Puerto Carreño,40,CO,1594675012,70,6.19,6.19,29.0,2.6
293,Guarujá,90,BR,1594675012,88,-23.99,-23.99,22.78,1.0
294,Bonthe,100,SL,1594675013,82,7.53,7.53,25.3,4.97
295,Adrar,22,MR,1594675013,13,20.5,20.5,37.17,0.55
296,Janów Lubelski,0,PL,1594675013,73,50.71,50.71,15.56,0.89
297,Morón,0,AR,1594675013,37,-34.65,-34.65,10.0,1.34
298,Taltal,22,CL,1594674825,62,-25.4,-25.4,16.36,0.88
299,Alexandria,0,EG,1594675014,69,31.22,31.22,26.0,4.6
300,Aden,100,YE,1594674806,71,12.78,12.78,30.52,6.95
301,Srednekolymsk,0,RU,1594675014,52,67.45,67.45,15.03,4.35
302,Araouane,37,ML,1594675015,20,18.9,18.9,38.04,3.72
303,Phu Ly,6,VN,1594675015,84,20.54,20.54,27.25,0.69
304,Lata,0,PT,1594674793,77,40.16,40.16,23.33,3.6
305,Irituia,24,BR,1594675016,77,-1.77,-1.77,26.73,1.57
306,San Diego,40,US,1594674996,69,32.72,32.72,29.0,4.1
307,Laguna,1,US,1594675016,29,38.42,38.42,33.33,4.1
308,Egvekinot,95,RU,1594674905,77,66.32,66.32,9.35,1.86
309,Mahibadhoo,91,MV,1594675016,65,3.78,3.78,28.86,1.28
310,Raja,83,SS,1594674861,92,8.46,8.46,22.06,1.24
311,Shimoda,100,JP,1594675017,95,34.67,34.67,20.0,6.41
312,Kruisfontein,26,ZA,1594674780,52,-34.0,-34.0,9.31,6.53
313,Hong Kong,9,HK,1594674770,79,22.29,22.29,29.44,5.36
314,Abilene,1,US,1594675018,18,32.45,32.45,43.89,8.2
315,Naryan-Mar,37,RU,1594675018,91,67.67,67.67,6.29,2.68
316,El Tigre,34,VE,1594675018,60,8.89,8.89,29.97,5.02
317,Khilok,0,RU,1594675019,90,51.37,51.37,13.81,1.28
318,Duvan,10,RU,1594675019,75,55.7,55.7,16.89,0.8
319,Lingdong,0,CN,1594675019,87,46.57,46.57,19.0,1.04
320,Gravdal,20,NO,1594675020,87,68.12,68.12,12.0,6.2
321,Lompoc,5,US,1594674589,72,34.64,34.64,20.0,6.7
322,Acaraú,57,BR,1594675020,71,-2.89,-2.89,25.64,6.46
323,Inhambane,0,MZ,1594675021,72,-23.86,-23.86,17.9,5.12
324,Codigoro,72,IT,1594675021,61,44.83,44.83,20.56,3.53
325,Mācherla,100,IN,1594675021,74,16.48,16.48,27.93,2.97
326,Barroquinha,87,BR,1594675021,65,-3.02,-3.02,26.81,2.46
327,Alice Springs,0,AU,1594674915,80,-23.7,-23.7,-1.0,1.5
328,Stephenville,1,US,1594675022,30,32.22,32.22,38.89,2.6
329,St. George's,20,GD,1594675022,79,12.06,12.06,29.0,7.7
330,Srikakulam,100,IN,1594675023,84,18.3,18.3,27.13,3.65
331,Yeppoon,0,AU,1594674814,66,-23.13,-23.13,10.0,2.1
332,Imbituba,75,BR,1594674863,77,-28.24,-28.24,15.0,3.6
333,Palanka,1,RS,1594675023,67,45.25,45.25,17.22,2.6
334,Boa Vista,40,BR,1594674791,74,2.82,2.82,28.0,2.6
335,Hasaki,75,JP,1594674800,100,35.73,35.73,21.11,2.1
336,Boddam,75,GB,1594675024,62,57.47,57.47,15.0,4.6
337,Belyy Yar,98,RU,1594675024,82,53.6,53.6,19.0,1.0
338,Husavik,75,IS,1594674812,87,66.04,66.04,12.0,4.6
339,Deputatsky,100,RU,1594675025,87,69.3,69.3,11.55,2.04
340,Codrington,7,AU,1594674826,91,-38.27,-38.27,5.08,1.06
341,Fukuechō,100,JP,1594675025,86,32.69,32.69,23.96,10.14
342,Lagoa,12,PT,1594675025,81,39.05,39.05,20.65,6.16
343,Anshun,100,CN,1594674812,98,26.25,26.25,18.32,3.8
344,Miramar,20,US,1594675026,62,25.99,25.99,33.33,3.6
345,Saldanha,99,ZA,1594675026,87,-33.01,-33.01,10.0,1.5
346,Muli,34,MV,1594675026,68,2.92,2.92,28.96,2.29
347,Ferrol,13,ES,1594675026,82,43.48,43.48,18.0,2.6
348,Whitehorse,75,CA,1594674798,45,60.72,60.72,17.0,5.7
349,Coyhaique,20,CL,1594675027,60,-45.58,-45.58,4.0,2.88
350,Avilés,68,ES,1594675027,88,43.55,43.55,18.89,2.1
351,Yenagoa,100,NG,1594675027,92,4.92,4.92,23.87,2.44
352,Sitka,90,US,1594674647,71,57.05,57.05,14.0,2.1
353,Isakly,0,RU,1594675028,73,54.13,54.13,23.45,4.03
354,Ciudad Río Bravo,5,MX,1594675028,29,25.98,25.98,39.0,5.1
355,Puerto Escondido,20,MX,1594674795,62,15.85,15.85,30.0,3.6
356,Cassilândia,57,BR,1594675029,43,-19.11,-19.11,27.45,1.86
357,Katsuura,75,JP,1594674872,100,35.13,35.13,22.78,2.1
358,Soure,28,BR,1594675029,82,-0.72,-0.72,27.07,4.57
359,Kitui,55,KE,1594675029,71,-1.37,-1.37,16.96,4.06
360,Taubaté,40,BR,1594675029,42,-23.03,-23.03,28.0,1.5
361,Jensen Beach,40,US,1594675029,44,27.25,27.25,35.0,4.1
362,Otavi,0,NA,1594675030,41,-19.65,-19.65,10.87,1.57
363,Conselheiro Lafaiete,29,BR,1594675030,50,-20.66,-20.66,24.0,2.6
364,Novooleksiyivka,13,UA,1594675030,77,46.23,46.23,18.91,7.15
365,Punta Alta,0,AR,1594674832,57,-38.88,-38.88,6.93,6.01
366,Jati,16,PK,1594675030,73,24.35,24.35,29.05,5.82
367,Kasamwa,1,TZ,1594675031,47,-2.85,-2.85,19.48,1.45
368,Nanning,17,CN,1594675031,88,22.82,22.82,26.0,1.0
369,Kuril'sk,100,RU,1594675031,96,45.23,45.23,10.02,1.1
370,Brae,98,GB,1594675032,93,60.4,60.4,12.0,4.6
371,La Gloria,2,CO,1594675032,52,8.62,8.62,34.01,2.31
372,Port Keats,1,AU,1594675032,33,-14.25,-14.25,15.5,5.67
373,Rudnichnyy,71,RU,1594675032,95,59.62,59.62,16.5,3.11
374,Saint-Pierre,0,RE,1594674615,72,-21.34,-21.34,20.0,2.6
375,Itzehoe,46,DE,1594675033,72,53.92,53.92,15.0,0.45
376,Sørland,20,NO,1594674596,87,67.67,67.67,12.0,6.2
377,Guider,93,CM,1594675033,74,9.93,9.93,26.3,2.38
378,Roald,100,NO,1594675033,82,62.58,62.58,13.0,5.1
379,Dongsheng,99,CN,1594675033,58,39.82,39.82,19.98,1.67
380,Boysun,0,UZ,1594675034,37,38.21,38.21,21.61,1.5
381,Charters Towers,65,AU,1594675034,55,-20.1,-20.1,8.13,4.74
382,Aksu,99,CN,1594675034,43,41.12,41.12,23.66,4.69
383,General Roca,0,AR,1594674714,39,-39.03,-39.03,9.0,1.5
384,Shubarkuduk,40,KZ,1594675034,48,49.14,49.14,26.0,6.29
385,Sydney,75,AU,1594674844,87,-33.87,-33.87,15.0,15.9
386,Moba,100,CN,1594675035,100,33.23,33.23,16.11,1.63
387,Lalawigan,85,PH,1594675035,85,11.59,11.59,26.28,1.62
388,Nago,20,JP,1594675035,94,26.59,26.59,28.0,2.54
389,Santa Maria,0,BR,1594674780,44,-29.68,-29.68,15.0,2.1
390,Belokurikha,100,RU,1594675036,89,52.0,52.0,15.36,1.61
391,Karaton,40,ID,1594675036,88,-6.34,-6.34,26.0,1.0
392,Talnakh,75,RU,1594675036,93,69.49,69.49,12.0,3.0
393,Borogontsy,42,RU,1594675036,79,62.67,62.67,19.08,3.09
394,Kachīry,0,KZ,1594675037,73,53.07,53.07,17.71,0.73
395,Shitanjing,99,CN,1594675037,59,39.23,39.23,21.62,3.18
396,Leningradskiy,100,RU,1594674915,86,69.38,69.38,3.48,3.72
397,Kendari,72,ID,1594675037,92,-3.94,-3.94,23.19,1.26
398,Cidreira,66,BR,1594674787,63,-30.18,-30.18,11.1,3.89
399,Fes,0,MA,1594675038,48,34.04,34.04,29.0,4.1
400,Kondinskoye,10,RU,1594675038,76,59.65,59.65,15.46,2.66
401,Lubao,100,PH,1594675038,92,14.92,14.92,25.0,0.49
402,Villa Carlos Paz,0,AR,1594674859,43,-31.42,-31.42,13.33,1.0
403,Camargo,0,MX,1594675038,14,27.67,27.67,35.76,1.77
404,Kimbe,90,PG,1594675039,84,-5.55,-5.55,24.64,1.25
405,Mae Sot,91,TH,1594675039,93,16.72,16.72,22.79,0.79
406,Labuhan,1,ID,1594675039,88,-6.88,-6.88,24.22,3.51
407,Coquimbo,52,CL,1594674889,82,-29.95,-29.95,13.0,4.1
408,Mankono,51,CI,1594675039,96,8.06,8.06,22.26,1.86
409,Dubbo,75,AU,1594674926,100,-32.25,-32.25,5.0,4.1
410,Guarda,0,PT,1594674936,60,40.54,40.54,25.0,0.89
411,Taganak,20,PH,1594675040,94,6.08,6.08,25.0,1.0
412,Santa Margherita Ligure,71,IT,1594675041,50,44.33,44.33,25.0,2.1
413,Cervo,22,ES,1594675041,82,43.67,43.67,16.67,1.34
414,Cravo Norte,96,CO,1594675041,71,6.3,6.3,29.11,1.26
415,Bonavista,10,CA,1594674700,80,48.65,48.65,18.95,8.36
416,Cabedelo,65,BR,1594675041,83,-6.98,-6.98,24.0,2.6
417,Durania,40,CO,1594675042,43,7.71,7.71,32.0,7.7
418,Angoche,27,MZ,1594675042,79,-16.23,-16.23,20.97,4.2
419,Haverfordwest,82,GB,1594675042,100,51.8,51.8,17.22,5.1
420,Gemena,100,CD,1594675042,97,3.25,3.25,21.49,1.2
421,Dhārchula,93,IN,1594675042,74,29.85,29.85,20.79,0.87
422,Lincoln,1,US,1594674926,46,40.8,40.8,32.78,8.7
423,Merauke,96,ID,1594675043,87,-8.47,-8.47,24.74,7.13
424,Wattegama,83,LK,1594675043,78,6.8,6.8,25.57,2.97
425,Verkhnyaya Inta,52,RU,1594675043,77,65.98,65.98,9.63,4.93
426,Fallon,1,US,1594675043,8,39.47,39.47,34.0,3.6
427,Zyryanka,50,RU,1594675044,58,65.75,65.75,19.74,2.15
428,Malbork,89,PL,1594675044,81,54.04,54.04,12.22,2.1
429,Cotacachi,40,EC,1594675044,59,0.3,0.3,19.0,5.1
430,Buala,100,SB,1594674617,76,-8.14,-8.14,27.06,1.85
431,Manjakandriana,20,MG,1594675045,93,-18.92,-18.92,11.0,0.55
432,Amboasary,20,MG,1594675045,93,-25.03,-25.03,18.0,0.89
433,Hambantota,49,LK,1594674879,82,6.12,6.12,27.39,6.55
434,Uyutnoye,0,UA,1594675045,76,45.2,45.2,18.79,6.71
435,Huarmey,6,PE,1594675045,70,-10.07,-10.07,19.94,5.03
436,Savannah Bight,0,HN,1594675046,80,16.45,16.45,28.02,10.67
437,Ampanihy,0,MG,1594675046,91,-24.7,-24.7,15.3,0.92
438,Severo-Yeniseyskiy,18,RU,1594675046,74,60.37,60.37,12.94,1.54
439,Sheopur,8,IN,1594675046,71,25.67,25.67,29.2,4.03
440,Waidhofen,75,DE,1594675047,59,48.58,48.58,16.0,1.0
441,Jarocin,1,PL,1594675047,70,51.97,51.97,17.22,1.37
442,Veydelevka,100,RU,1594675047,93,50.15,50.15,18.29,3.43
443,Buraidah,20,SA,1594675047,19,26.33,26.33,37.0,4.1
444,Manoharpur,40,IN,1594675048,83,27.3,27.3,28.0,3.79
445,Ak-Dovurak,94,RU,1594675048,78,51.18,51.18,12.12,0.88
446,Santa Rosa,100,PH,1594674893,92,14.31,14.31,25.0,0.72
447,Dudinka,75,RU,1594675048,93,69.41,69.41,12.0,3.0
448,Tilichiki,99,RU,1594675049,93,60.47,60.47,10.91,2.54
449,Rabaul,100,PG,1594675049,78,-4.2,-4.2,26.09,1.54
450,Lexington,20,US,1594675049,48,37.99,37.99,29.44,3.6
451,Yerbogachën,26,RU,1594675050,79,61.28,61.28,15.17,0.86
452,Galashki,99,RU,1594675050,83,43.11,43.11,21.0,1.0
453,Santa Cruz de Barahona,20,DO,1594675050,63,18.21,18.21,33.0,6.2
454,Cookeville,1,US,1594674859,45,36.16,36.16,30.0,1.5
455,Sunland Park,20,US,1594675051,9,31.8,31.8,43.0,5.7
456,Verkhnevilyuysk,14,RU,1594675051,77,63.45,63.45,17.86,0.97
457,Tessalit,0,ML,1594675051,9,20.2,20.2,36.32,2.57
458,Krasnokamensk,94,RU,1594675051,84,50.1,50.1,18.51,1.44
459,Bereket,22,TM,1594675052,38,39.24,39.24,28.64,2.77
460,Salinas,1,US,1594674929,63,36.68,36.68,21.11,6.7
461,Pacific Grove,75,US,1594675052,63,36.62,36.62,21.11,6.2
462,Chamba,0,IN,1594675052,61,32.57,32.57,22.21,1.67
463,Dingle,100,PH,1594674821,89,11.0,11.0,24.6,0.58
464,Ilhabela,80,BR,1594675053,83,-23.78,-23.78,21.38,0.59
465,Khovd,100,MN,1594675019,65,48.01,48.01,14.11,1.31
466,Kourou,75,GF,1594675053,66,5.16,5.16,30.0,2.6
467,Bemidji,1,US,1594675053,57,47.47,47.47,26.11,9.3
468,Vung Tau,100,VN,1594674943,85,10.35,10.35,26.0,3.63
469,Yārāda,90,IN,1594675054,100,17.65,17.65,26.0,1.0
470,Marsh Harbour,100,BS,1594675054,70,26.54,26.54,29.9,4.95
471,Severobaykal'sk,2,RU,1594675021,89,55.65,55.65,12.54,0.49
472,Lae,40,PG,1594675054,94,-6.72,-6.72,23.0,1.5
473,Sambava,54,MG,1594675055,86,-14.27,-14.27,20.39,4.66
474,San Rafael,12,AR,1594674779,59,-34.62,-34.62,6.97,3.84
475,Mahoba,100,IN,1594675055,61,25.28,25.28,31.64,3.21
476,Bull Savanna,27,JM,1594675055,64,17.89,17.89,29.54,6.85
477,Asău,0,RO,1594675055,81,46.43,46.43,10.56,1.54
478,Tiznit Province,1,MA,1594675056,43,29.58,29.58,25.23,1.65
479,Ushtobe,0,KZ,1594675056,42,45.25,45.25,21.29,6.34
480,Port Lincoln,0,AU,1594674572,88,-34.73,-34.73,11.09,4.16
481,Giyani,0,ZA,1594675056,37,-23.3,-23.3,13.76,2.87
482,Razdolinsk,73,RU,1594675056,78,58.42,58.42,13.61,0.89
483,Takaka,96,NZ,1594674892,88,-40.85,-40.85,8.33,0.89
484,Tautira,75,PF,1594674819,74,-17.73,-17.73,27.0,8.2
485,Samarai,96,PG,1594675058,89,-10.62,-10.62,25.82,5.9
486,Grand Baie,2,MU,1594675058,79,-20.02,-20.02,21.67,1.34
487,Erdenet,96,MN,1594675059,84,49.03,49.03,13.55,1.18
488,Lodja,91,CD,1594675059,89,-3.48,-3.48,22.11,0.9
489,Oeiras,93,BR,1594675059,36,-7.03,-7.03,29.82,2.16
490,Erenhot,0,CN,1594675059,52,43.65,43.65,21.23,3.18
491,Tahara,75,JP,1594675060,94,34.67,34.67,23.0,3.1
492,Port-Gentil,90,GA,1594674902,88,-0.72,-0.72,24.0,6.84
493,Natal,24,BR,1594674929,54,-5.79,-5.79,28.0,6.2
494,Mezen',100,RU,1594675060,95,65.85,65.85,11.13,3.09
495,Windhoek,0,NA,1594675060,10,-22.56,-22.56,15.0,1.5
496,Wangkui,0,CN,1594675061,87,46.83,46.83,20.43,0.53
497,Gorontalo,49,ID,1594674832,88,0.54,0.54,22.92,1.05
498,Zhatay,70,RU,1594675068,68,62.16,62.16,20.0,4.0
499,Sangmélima,27,CM,1594675069,98,2.93,2.93,19.74,1.01
500,Fort Abbas,0,PK,1594675069,38,29.19,29.19,36.49,1.76
501,Goderich,1,CA,1594675069,74,43.75,43.75,21.67,7.46
502,Mahdasht,40,IR,1594675069,82,35.73,35.73,19.0,5.1
503,Alpena,1,US,1594675069,39,45.06,45.06,26.0,6.2
504,Chicama,18,PE,1594675070,64,-7.84,-7.84,21.53,4.46
505,Cecina,100,IT,1594675070,40,43.31,43.31,23.89,6.72
506,San Cristobal,40,VE,1594674745,43,7.77,7.77,32.0,7.7
507,Aykhal,24,RU,1594675070,55,66.0,66.0,16.0,2.0
508,Nacogdoches,1,US,1594674890,59,31.6,31.6,35.0,4.1
509,Poyarkovo,0,RU,1594675071,87,49.6,49.6,21.33,1.02
510,Babu,17,CN,1594675071,78,24.42,24.42,25.25,0.27
511,Alice Town,100,BS,1594675071,76,25.72,25.72,29.19,6.71
512,São Félix do Xingu,7,BR,1594675072,43,-6.64,-6.64,27.94,0.6
513,Emba,23,KZ,1594675072,28,48.83,48.83,27.71,5.1
514,Øksfjord,67,NO,1594674869,71,70.24,70.24,13.0,6.2
515,Najrān,40,SA,1594675072,15,17.49,17.49,33.0,3.47
516,Borisoglebskiy,90,RU,1594675072,100,57.26,57.26,18.0,4.0
517,Boo,40,SE,1594675073,87,59.33,59.33,13.33,3.1
518,Wembley,90,AU,1594675073,93,-31.93,-31.93,15.56,7.2
519,Rāvar,55,IR,1594675073,23,31.27,31.27,28.51,1.85
520,Dera Ghazi Khan,2,PK,1594675073,30,30.06,30.06,35.82,3.57
521,Malartic,75,CA,1594675074,68,48.13,48.13,21.0,4.1
522,Camacupa,0,AO,1594675074,34,-12.02,-12.02,14.24,2.05
523,Ōmura,100,JP,1594675074,95,32.92,32.92,23.33,0.89
524,Nesbyen,97,NO,1594675074,81,60.57,60.57,8.89,1.86
525,Tataouine,0,TN,1594675075,30,32.93,32.93,30.0,4.1
526,Malindi,6,KE,1594675075,78,-3.22,-3.22,25.09,7.29
527,Yinchuan,38,CN,1594675075,57,38.47,38.47,23.66,3.58
528,Vao,100,NC,1594674568,77,-22.67,-22.67,22.47,5.94
529,Siniscola,68,IT,1594675076,53,40.57,40.57,23.0,0.5
530,Turukhansk,76,RU,1594675076,94,65.82,65.82,12.15,5.72
531,Tinqueux,52,FR,1594674888,59,49.25,49.25,16.0,2.6
532,Kumluca,66,TR,1594675076,57,36.37,36.37,28.9,0.68
